,RMSE,Normalized RMSE
RandomForestRegressor,1017.9455305424967,0.11494668622278242
AdaBoostRegressor,1149.3632354003894,0.12978640920517806
DecisionTreeRegressor,1030.366036618339,0.11634921314764365
KNeighborsRegressor,1077.0172047529359,0.12161707574402048
