,RMSE,Normalized RMSE
RandomForestRegressor,1106.0237097980773,0.09153598844781642
AdaBoostRegressor,1199.207482987349,0.09924800104810177
DecisionTreeRegressor,1130.1336023192405,0.09353135511468308
KNeighborsRegressor,1155.2102314671,0.09560673018635103
